周平均,San Francisco 氣溫,San Francisco 剩餘數量,San Francisco PM2.5,San Francisco濕度,San Jose 氣溫,San Jose PM10,San Jose 細PM2.5,San Jose 濕度
一,24.51541415,41.56209936,23.70192308,70.68478055,23.52403846,42.09977794,28.87955492,72.18189103
二,24.48359009,43.42775481,24.27964744,70.58293269,23.64222756,42.6620292,28.97370327,71.68790064
三,24.09347544,42.98881721,24.04739631,71.46875,23.46354167,44.11137821,30.37336072,72.24278846
四,23.9470468,44.94025157,25.13962662,68.80935535,23.4009434,44.56641278,30.63507544,70.43081761
五,24.10121113,44.54447115,24.76304593,69.67227564,23.39519231,47.979378,32.97437938,70.25961538
六,24.36066618,45.19218605,26.63902244,69.90224359,23.41298077,46.01048426,32.08076474,70.82291667
日,24.35804424,41.47395833,25.14222756,70.81886533,23.45032051,42.16948439,30.21640031,71.65705128
