San Jose 氣溫,San Jose PM10,San Jose PM2.5,San Jose 雨量,San Jose 濕度,San Jose 風速
23.52403846,42.09977794,28.87955492,0.135657051,72.18189103,1.074879808
23.64222756,42.6620292,28.97370327,0.2875,71.68790064,1.153725962
23.46354167,44.11137821,30.37336072,0.181650641,72.24278846,1.148717949
23.4009434,44.56641278,30.63507544,0.142610063,70.43081761,1.169850629
23.39519231,47.979378,32.97437938,0.172676282,70.25961538,1.16875
23.41298077,46.01048426,32.08076474,0.148717949,70.82291667,1.135496795
23.45032051,42.16948439,30.21640031,0.297115385,71.65705128,1.056169872
