San Francisco 氣溫,San Francisco 剩餘數量,San Francisco PM2.5,San Francisco雨量,San Francisco濕度,San Francisco風速
24.51541415,41.56209936,23.70192308,0.203685897,70.68478055,1.120392628
24.48359009,43.42775481,24.27964744,0.23974359,70.58293269,1.175721154
24.09347544,42.98881721,24.04739631,0.157051282,71.46875,1.159415064
23.9470468,44.94025157,25.13962662,0.127672956,68.80935535,1.219654088
24.10121113,44.54447115,24.76304593,0.058974359,69.67227564,1.170152244
24.36066618,45.19218605,26.63902244,0.140865385,69.90224359,1.200480769
24.35804424,41.47395833,25.14222756,0.212660256,70.81886533,1.139663462
