周平均,San Jose 雨量,San Jose 風速
一,0.135657051,1.074879808
二,0.2875,1.153725962
三,0.181650641,1.148717949
四,0.142610063,1.169850629
五,0.172676282,1.16875
六,0.148717949,1.135496795
日,0.297115385,1.056169872
