周平均,San Francisco雨量,San Francisco風速
一,0.203685897,1.120392628
二,0.23974359,1.175721154
三,0.157051282,1.159415064
四,0.127672956,1.219654088
五,0.058974359,1.170152244
六,0.140865385,1.200480769
日,0.212660256,1.139663462
