周平均,San Francisco 氣溫,San Francisco 剩餘數量,San Francisco PM2.5,San Francisco濕度
一,24.51541415,41.56209936,23.70192308,70.68478055
二,24.48359009,43.42775481,24.27964744,70.58293269
三,24.09347544,42.98881721,24.04739631,71.46875
四,23.9470468,44.94025157,25.13962662,68.80935535
五,24.10121113,44.54447115,24.76304593,69.67227564
六,24.36066618,45.19218605,26.63902244,69.90224359
日,24.35804424,41.47395833,25.14222756,70.81886533
