周平均,San Jose 氣溫,San Jose PM10,San Jose PM2.5,San Jose 濕度
一,23.52403846,42.09977794,28.87955492,72.18189103
二,23.64222756,42.6620292,28.97370327,71.68790064
三,23.46354167,44.11137821,30.37336072,72.24278846
四,23.4009434,44.56641278,30.63507544,70.43081761
五,23.39519231,47.979378,32.97437938,70.25961538
六,23.41298077,46.01048426,32.08076474,70.82291667
日,23.45032051,42.16948439,30.21640031,71.65705128
