周平均,San Francisco雨量,San Francisco風速,San Jose 雨量,San Jose 風速
一,0.203685897,1.120392628,0.135657051,1.074879808
二,0.23974359,1.175721154,0.2875,1.153725962
三,0.157051282,1.159415064,0.181650641,1.148717949
四,0.127672956,1.219654088,0.142610063,1.169850629
五,0.058974359,1.170152244,0.172676282,1.16875
六,0.140865385,1.200480769,0.148717949,1.135496795
日,0.212660256,1.139663462,0.297115385,1.056169872
