周平均,San Francisco 氣溫,San Francisco 剩餘數量,San Francisco PM2.5,San Francisco雨量,San Francisco濕度,San Francisco風速,San Jose 氣溫,San Jose PM10,San Jose 細PM2.5,San Jose 雨量,San Jose 濕度,San Jose 風速
一,24.51541415,41.56209936,23.70192308,0.203685897,70.68478055,1.120392628,23.52403846,42.09977794,28.87955492,0.135657051,72.18189103,1.074879808
二,24.48359009,43.42775481,24.27964744,0.23974359,70.58293269,1.175721154,23.64222756,42.6620292,28.97370327,0.2875,71.68790064,1.153725962
三,24.09347544,42.98881721,24.04739631,0.157051282,71.46875,1.159415064,23.46354167,44.11137821,30.37336072,0.181650641,72.24278846,1.148717949
四,23.9470468,44.94025157,25.13962662,0.127672956,68.80935535,1.219654088,23.4009434,44.56641278,30.63507544,0.142610063,70.43081761,1.169850629
五,24.10121113,44.54447115,24.76304593,0.058974359,69.67227564,1.170152244,23.39519231,47.979378,32.97437938,0.172676282,70.25961538,1.16875
六,24.36066618,45.19218605,26.63902244,0.140865385,69.90224359,1.200480769,23.41298077,46.01048426,32.08076474,0.148717949,70.82291667,1.135496795
日,24.35804424,41.47395833,25.14222756,0.212660256,70.81886533,1.139663462,23.45032051,42.16948439,30.21640031,0.297115385,71.65705128,1.056169872
